<?xml version="1.0" encoding="utf-8"?>
<!DOCTYPE hibernate-configuration SYSTEM "http://hibernate.sourceforge.net/hibernate-configuration-3.0.dtd">
<hibernate-configuration>
	<session-factory>
		<property name="hibernate.connection.driver_class">org.postgresql.Driver</property>
		<property name="hibernate.connection.url">jdbc:postgresql://localhost:5432/poo2</property>
		<property name="hibernate.connection.username">admin</property>
		<property name="connection.password">root</property>
		<property name="hibernate.dialect">org.hibernate.dialect.HSQLDialect</property>
		<property name="show_sql">true</property>

		<mapping class="model.Pessoa"/>

	</session-factory>
</hibernate-configuration>